{
  "day": 5,
  "timestamp": "2025-06-10T21:09:28.477582",
  "metrics": {
    "MONEY": 5183.6301369384855,
    "REPUTATION": 50.1430307283247,
    "HAPPINESS": 35.55643733192291,
    "SUFFERING": 64.44356266807709,
    "INVENTORY": 107.89822792834013,
    "STAFF_FATIGUE": 27.503994737087943,
    "FACILITY": 62.06214159274453,
    "DEMAND": 57.76300935186449
  },
  "events": [],
  "modifier": "SimpleSeesawModifier"
}