{
  "day": 5,
  "timestamp": "2025-05-30T13:42:58.363885",
  "metrics": {
    "MONEY": 4275.024804372013,
    "REPUTATION": 27.96036163506157,
    "HAPPINESS": 38.115817483720015,
    "SUFFERING": 61.884182516279985,
    "INVENTORY": 61.65273848623315,
    "STAFF_FATIGUE": 64.3293095185194,
    "FACILITY": 30.16411703904439,
    "DEMAND": 54.82314018735183
  },
  "events": [
    "평판 변동으로 인한 경미한 매출 변화, 자금 -100 변동"
  ],
  "modifier": "SimpleSeesawModifier"
}