{
  "day": 4,
  "timestamp": "2025-05-30T13:42:58.361891",
  "metrics": {
    "MONEY": 4183.405117458784,
    "REPUTATION": 27.317674105172607,
    "HAPPINESS": 37.6955850859332,
    "SUFFERING": 62.3044149140668,
    "INVENTORY": 56.839545079059604,
    "STAFF_FATIGUE": 70.57262348923746,
    "FACILITY": 32.75491784603309,
    "DEMAND": 58.98924412796541
  },
  "events": [
    "평판 변동으로 인한 경미한 매출 변화, 자금 -100 변동"
  ],
  "modifier": "SimpleSeesawModifier"
}