{
  "day": 4,
  "timestamp": "2025-06-07T06:01:08.101234",
  "metrics": {
    "MONEY": 5122.902202439682,
    "REPUTATION": 50.97517570735531,
    "HAPPINESS": 35.002985687762745,
    "SUFFERING": 64.99701431223725,
    "INVENTORY": 112.12572861963882,
    "STAFF_FATIGUE": 30.093136229214245,
    "FACILITY": 63.456705558098825,
    "DEMAND": 60.69493500770147
  },
  "events": [],
  "modifier": "SimpleSeesawModifier"
}