{
  "day": 1,
  "timestamp": "2025-06-07T02:35:56.649112",
  "metrics": {
    "MONEY": 4034.031310129898,
    "REPUTATION": 49.83359170342758,
    "HAPPINESS": 46.3259857497398,
    "SUFFERING": 53.6740142502602,
    "INVENTORY": 107.43884079188156,
    "STAFF_FATIGUE": 31.417994171032387,
    "FACILITY": 72.50231063272555,
    "DEMAND": 63.44797864089383
  },
  "events": [
    "평판 변동으로 인한 경미한 매출 변화, 자금 -100 변동",
    "Polled RANDOM: viral_marketing - 바이럴 마케팅 성공",
    "평판 변동으로 인한 경미한 매출 변화, 자금 -100 변동",
    "Applied event: viral_marketing - 바이럴 마케팅 성공"
  ],
  "modifier": "SimpleSeesawModifier"
}