{
  "day": 2,
  "timestamp": "2025-06-10T21:09:28.473778",
  "metrics": {
    "MONEY": 5036.828415691111,
    "REPUTATION": 45.73253533387619,
    "HAPPINESS": 43.15281775349932,
    "SUFFERING": 56.84718224650068,
    "INVENTORY": 99.91998967634638,
    "STAFF_FATIGUE": 33.99960030592571,
    "FACILITY": 74.44812798903634,
    "DEMAND": 53.657589179450795
  },
  "events": [],
  "modifier": "SimpleSeesawModifier"
}