{
  "day": 3,
  "timestamp": "2025-06-07T06:01:08.101081",
  "metrics": {
    "MONEY": 4871.699945980253,
    "REPUTATION": 50.172627364540396,
    "HAPPINESS": 40.718733415229224,
    "SUFFERING": 59.281266584770776,
    "INVENTORY": 105.85940040596398,
    "STAFF_FATIGUE": 31.33888688745093,
    "FACILITY": 70.06091171866697,
    "DEMAND": 57.05234252394804
  },
  "events": [],
  "modifier": "SimpleSeesawModifier"
}