{
  "day": 1,
  "timestamp": "2025-06-10T22:32:11.812059",
  "metrics": {
    "MONEY": 4728.60337768357,
    "REPUTATION": 45.30326518493416,
    "HAPPINESS": 46.3259857497398,
    "SUFFERING": 53.6740142502602,
    "INVENTORY": 107.43884079188156,
    "STAFF_FATIGUE": 31.417994171032387,
    "FACILITY": 72.50231063272555,
    "DEMAND": 54.38398169219471
  },
  "events": [],
  "modifier": "SimpleSeesawModifier"
}