{
  "day": 1,
  "timestamp": "2025-05-26T03:21:27.822537",
  "metrics": {
    "MONEY": 661.1197234475862,
    "REPUTATION": 49.83359170342759,
    "HAPPINESS": 50.48303233988477,
    "SUFFERING": 49.51696766011523,
    "INVENTORY": 107.43884079188155,
    "STAFF_FATIGUE": 31.41799417103239,
    "FACILITY": 72.50231063272555,
    "DEMAND": 63.44797864089383
  },
  "events": [
    "바이럴 마케팅 효과로 평판 상승",
    "마케팅 비용 지출",
    "평판 변동으로 인한 경미한 매출 변화, 자금 -100 변동",
    "평판 하락으로 인한 매출 감소",
    "자금 위기: 1,000 미만"
  ],
  "modifier": "SimpleSeesawModifier"
}