{
  "day": 2,
  "timestamp": "2025-05-30T13:42:58.356904",
  "metrics": {
    "MONEY": 4688.964068700412,
    "REPUTATION": 26.738226833817265,
    "HAPPINESS": 36.15393485659649,
    "SUFFERING": 63.84606514340351,
    "INVENTORY": 51.694025424993605,
    "STAFF_FATIGUE": 67.00135182805528,
    "FACILITY": 35.4544774166509,
    "DEMAND": 60.38306463506074
  },
  "events": [
    "평판 변동으로 인한 경미한 매출 변화, 자금 -100 변동"
  ],
  "modifier": "SimpleSeesawModifier"
}